abdomen,abdominal,flank
achilles
acl
acromioclavicular
adductor
ankle,ankles
arches
artery
arm,arms
back
bicep,biceps,bicipital
bladder
blood
bone,bones
bunion,bunions
buttock,buttocks
c1
c2
c3
c4
c5
c6
c7
calf,calves
carpal
cervical
cervicitis
cervix
cheek
chest
chin
clavicle
colon
cubital
deltoid
dermis,epidermis
digit,digits
ear,ears
eardrum
elbow,elbows
esophagus
esophageal
extremity,extremities
eye,eyes
face,facial
feet,foot
femur
fibula
finger,fingers
forearm
forehead
groin
gums,gum
hamstring
hand,hands
head
heel,heels
hip,hips
iliotibial,it band
jaw
joint,joints
knee,knees
l1
l2
l3
l4
l5
labrum
lcl
leg,legs
limb
lip
liver
lumbar
lumbosacral
lung,lungs
mandibular
mcl
meniscus
metacarpal
metatarsal
mouth
muscle,muscular
nose,nasal
neck
patella,patellar,patellofemoral
pectoral
pelvic
pelvis
pes
phalange,phalanges
pies
prostate
quadriceps,quad
radius,radial
rectum 
rib,ribs
rotator cuff
s1
s2
s3
s4
s5
scalp
scapula
septum,septal
shin
shoulder,shoulders
skin
spine,spinal
sternum
stomach
t1
t2
t3
t4
t5
t6
t7
t8
t9
t10
t11
t12
tailbone
tarsal
teeth,tooth
temporomandibular
tendon
thigh,thighs
thoracic
thoracolumbar
thorax
throat
thumb
tibia,tibial
toe,toes
toenail,toenails
tongue
torso
trapezius,trapezoid
tricep
trunk
ulcer,ulcers,ulcerated
waist
wrist,wrists
